LieferantNr;Lieferant
0;diverse
6;Berghaus
8;Brettschneider
11;Camping Gaz GmbH
16;Deuter Sport GmbH
21;Edelrid
22;Exped
24;Fjällräven
25;Falke
38;Herbertz
41;Equip Deutschland GmbH
48;Krimmer
52;Leki
56;Mammut
57;Tatonka
58;Meindl
62;Ortlieb
72;Scandic Outdoor
73;OSC Outdoor & Sports Company
75;Simex Sport GmbH
79;Sunway
81;Relags
86;VauDe
95;Jack Wolfskin
103;Amazonas
226;Böse
231;Eagle Creek Europe Ltd.
235;Engel Feldbetten
239;Gore Bike Wear
240;Garmin Deutschland GmbH
241;Helsport
242;Heusser
243;Kasper & Richter
245;Touratech
246;Primus AB
249;Katadyn Deutschland GmbH
252;Technolen Technicky Textil
253;Pierre Henry S.A.
254;Melchers
255;Yeti
257;Zarges
260;X
261;Conrad Stein Verlag
266;Barth
269;North Face
271;Casio Europe GmbH
273;Steiner
274;Silva Deutschland GmbH
275;Robens Sportsweb
277;Cascade Designs Ltd.
279;Fulmatech GmbH
284;Scoutdoor
285;Van der Hoff, Franz
287;Salewa
288;Heinze
293;Curly & Smooth
296;Hilleberg
297;Buff GmbH
298;Merrell Germany
299;Bastide
301;Ex-Tec GmbH & Co.KG
305;Dometic Waeco Int. GmbH
306;Patagonia Europe SNC
307;Aigle Deutschland GmbH
310;Petzl Deutschland GmbH
311;Arcteryx Amer Sports Austria
312;Skyfox
315;Birdland Holland BV
316;Genfoot
317;Lowa
318;Asista
322;Entre Prises
323;Hanwag Deutschland Vertriebs G
326;Landy4Ever
328;Roland Föll Verlagsvertretung
329;Lafuma Group GmbH
333;Dale of Norway
335;SpanSet GmbH. & Co. KG
338;Nomad All Weather Sports
339;Regatta
341;Ziegler Textil GmbH
343;Autovision Wagner & Günther
344;A 61
345;Berghund
346;Haglöfs Deutschland GmbH
347;Koch
348;Imbema
349;Paddle People
351;Tortuga
352;Kissmann
354;RTI Sports GmbH
355;Sport Import GmbH
356;Sternjakob
357;Nordisk Freizeit GmbH
358;ABC GmbH
359;Salt Design Europe
360;Outdoor Service Team
362;Moskoselkatan
363;Scarpa
365;Julbo
366;Wilgor Optik
367;Europalux GmbH
369;Mufflon
370;Polar Electro GmbH
375;L-Shop Team
377;FWD
379;Reise Know-How Verlag
380;Aliens
382;Reichel GmbH
385;Extremtextil
387;Krebs Kfz-Teile GmbH&Co.KG
388;Offroad Service
389;Sportorthopädie Dieringer
391;Lost Arrow
393;Exmoor Trim Ltd.
394;Fuchs
395;Tec Trading GmbH
396;Taubenreuther GmbH
397;Frankana
398;Allsafe Jungfalk
400;Essential Elements AG
401;Reimo
403;Lindemann KG
405;Amer Sports Deutschland GmbH
406;Köpp
407;Iban-Outdoor, Markus Bauer
408;Amalric Plastic
411;Climair Plava Kunststoffe GmbH
412;Sigg Deutschland GmbH
413;Daur 4X4
414;LiteXpress GmbH
415;XP-Edition GmbH
416;Southdown 4x4 Products Ltd
418;SIPS D. Dücker GmbH
419;Triple X GmbH
420;Schöffel Sportbekleidung GmbH
421;Keen Europe Outdoor BV
424;Chillaz International
427;Victorinox
429;ThermoPad GbR
430;Bergans Outdoor GmbH
431;LumiCoin Elektronik
432;Snow Peak Inc.
433;Aix
434;Sea to Summit
435;Gleistein Ropes
436;Black Diamond Equipment AG
437;Enders Colsman AG
439;More Hohensinn GmbH
441;LG Freizeitwelt GmbH
442;Marmot
443;Craghoppers GmbH
444;Cleanwood Equipment
445;Outpac Designs GmbH
446;Schwan GmbH&CoKG
447;Hagan Ski
448;Petromax GmbH
449;Stellfeld & Ernst GmbH
451;Wilbers Products GmbH
453;DayMen GmbH&Co.KG
454;Schrauben Frank
455;Obendorf
456;Huber Sportconsulting e.K.
457;G-Line Handelsgesellschaft
458;Daams 4x4 Products
461;Eifelverein e.V.
462;Wörth
464;Ropimex
465;Fenix GmbH
467;Bergkönig
468;Klättermusen
469;SOSTechnik
470;Farmer's Snack GmbH
471;ID Sports GmbH
473;Bergzeug GmbH
474;DMM
475;Icebreaker Pure Merino GmbH
476;Weltenbummler
477;La Sportiva Team
478;Walther
479;Klever GmbH
480;Cujaba GmbH
481;Makak Climbing S.R.O.
485;Tentipi AB
486;Designed4inspiration GmbH
489;Everest GmbH
492;Cintamani
493;Euro-Line Solar GmbH
495;Gregory Mountain Products
497;Action Sports Sportart. GmbH
498;Osprey Europe Ltd.
499;Doro
504;Normfest
509;Satmap
511;Heger GmbH
515;Skylotec GmbH
519;Paul Lange & Co. OHG
520;Hartje
521;Ideavelop
523;Impuls EU
526;Göbel GmbH+Co KG
527;Light My Fire Sweden AB
531;David Dominicus GmbH
532;Accapi UK LLP
533;Paul Pietsch Verlage
538;Scott Sports AG
539;Used GmbH
542;Optamit GmbH
544;Care Plus Elements bvba
546;Roughstuff
547;Zamberlan
548;Millican
549;Viavesto
550;Boreal S.L.
551;Monkey Hardware GmbH
552;EOE Eifel Outdoor Equipment
553;Terra Nova Equipment Limited
554;Laguiole en Aubrac
556;Leatherman Europe GmbH
557;SealSkinz Ltd.
558;Swix Sport GmbH
559;Corporate Sports International
560;Roega Technik Handels GmbH
561;Fibertec GmbH
563;Dachstein
564;Dolomite Scott Sports AG
566;Meitrade BV
568;8BPLUS
569;Knolz GbR
570;Allmakes 4x4
571;Tributech GmbH
573;Ankerkraut GmbH
574;Less'n'more
575;Kühl Europe Ltd.
576;AustriAlpin GmbH
577;Hultafors Group Germany GmbH
578;Y&Y Sicherungsbrillen
580;Süddeutsche Zeitung GmbH
581;Red Anvil
582;Böker Baumwerk GmbH
584;Lupine Lighting Systems GmbH
588;VSB-Verlagsserv. Braunschweig
589;Shakaloha
590;Nigor  BV
591;The Sunnyside, Karolin Kracht
592;Loft Outdoor GmbH
594;Ultra Elements
595;Lenz GmbH
598;Die Werkstatt GmbH
600;Ortovox Sportartikel GmbH
601;Georelief
602;Sport 2000 Deutschland GmbH
605;Nakatanenga 4x4 Equipment
606;Auto Ersatzteil Service Jaeger
607;Asolo SLR
609;Heikes Reparaturservice HRD
613;DMV-Diedrichs Markenvertrieb G
614;Giesswein Walkwaren AG
615;Helinox BV
616;Sherpa Adventure Gear
618;Luis Technology GmbH
620;Outdoor Profis GmbH
622;LEDLenser GmbH & CO KG
623;SportsAndMoreShop GmbH
625;AT Verlag GmbH
631;Brand Outdoor GmbH
632;GW Sports-Brands GmbH
634;Fennek Grill WWS Metallformen
636;Foto Verbund GmbH
637;Grüezi Bag
640;P.A.C. GmbH
641;Pfeiffer Marine GmbH
642;WM aquatec GmbH & Co.KG
644;Vennskap GmbH&Co. KG
645;Quantis GmbH
646;Doghammer UG
647;Arnold Potthoff GmbH & Co KG
648;EQDOG
651;Altidude Yutani GmbH
652;Bushcraft Essentials GmbH
653;Tremmel Marketing GmbH
654;Arvato Media GmbH
656;Toaks Outdoor
658;Grofa Action Sports GmbH
659;Sport Handelsagentur Weindel
671;Barebones
674;Stanley
675;Bie-dro
676;Recon
